question_type,multiple_choice_answer,answers,image_id,answer_type,question_id
,yes,,1,yes/no,1
,no,,1,yes/no,2
,yes,,2,yes/no,3
,no,,2,yes/no,4
,yes,,3,yes/no,5
,no,,3,yes/no,6
,yes,,4,yes/no,7
,no,,4,yes/no,8
,yes,,5,yes/no,9
,no,,5,yes/no,10
,yes,,6,yes/no,11
,no,,6,yes/no,12
,yes,,7,yes/no,13
,no,,7,yes/no,14
,yes,,8,yes/no,15
,no,,8,yes/no,16
,yes,,9,yes/no,17
,no,,9,yes/no,18
,yes,,10,yes/no,19
,no,,10,yes/no,20
,yes,,11,yes/no,21
,no,,11,yes/no,22
,yes,,12,yes/no,23
,no,,12,yes/no,24
,yes,,13,yes/no,25
,no,,13,yes/no,26
,yes,,14,yes/no,27
,no,,14,yes/no,28
,yes,,15,yes/no,29
,no,,15,yes/no,30
,yes,,16,yes/no,31
,no,,16,yes/no,32
,yes,,17,yes/no,33
,no,,17,yes/no,34
,yes,,18,yes/no,35
,no,,18,yes/no,36
,yes,,19,yes/no,37
,no,,19,yes/no,38
,yes,,20,yes/no,39
,no,,20,yes/no,40
,yes,,21,yes/no,41
,no,,21,yes/no,42
,yes,,22,yes/no,43
,no,,22,yes/no,44
,yes,,23,yes/no,45
,no,,23,yes/no,46
,yes,,24,yes/no,47
,no,,24,yes/no,48
,yes,,25,yes/no,49
,no,,25,yes/no,50
,yes,,26,yes/no,51
,no,,26,yes/no,52
,yes,,27,yes/no,53
,no,,27,yes/no,54
,yes,,28,yes/no,55
,no,,28,yes/no,56
,yes,,29,yes/no,57
,no,,29,yes/no,58
,yes,,30,yes/no,59
,no,,30,yes/no,60
,yes,,31,yes/no,61
,no,,31,yes/no,62
,yes,,32,yes/no,63
,no,,32,yes/no,64
,yes,,33,yes/no,65
,no,,33,yes/no,66
,yes,,34,yes/no,67
,no,,34,yes/no,68
,yes,,35,yes/no,69
,no,,35,yes/no,70
,yes,,36,yes/no,71
,no,,36,yes/no,72
,yes,,37,yes/no,73
,no,,37,yes/no,74
,yes,,38,yes/no,75
,no,,38,yes/no,76
,yes,,39,yes/no,77
,no,,39,yes/no,78
,yes,,40,yes/no,79
,no,,40,yes/no,80
,yes,,41,yes/no,81
,no,,41,yes/no,82
,yes,,42,yes/no,83
,no,,42,yes/no,84
,yes,,43,yes/no,85
,no,,43,yes/no,86
,yes,,44,yes/no,87
,no,,44,yes/no,88
,yes,,45,yes/no,89
,no,,45,yes/no,90
,yes,,46,yes/no,91
,no,,46,yes/no,92
,yes,,47,yes/no,93
,no,,47,yes/no,94
,yes,,48,yes/no,95
,no,,48,yes/no,96
,yes,,49,yes/no,97
,no,,49,yes/no,98
,yes,,50,yes/no,99
,no,,50,yes/no,100
,yes,,51,yes/no,101
,no,,51,yes/no,102
,yes,,52,yes/no,103
,no,,52,yes/no,104
,yes,,53,yes/no,105
,no,,53,yes/no,106
,yes,,54,yes/no,107
,no,,54,yes/no,108
,yes,,55,yes/no,109
,no,,55,yes/no,110
,yes,,56,yes/no,111
,no,,56,yes/no,112
,yes,,57,yes/no,113
,no,,57,yes/no,114
,yes,,58,yes/no,115
,no,,58,yes/no,116
,yes,,59,yes/no,117
,no,,59,yes/no,118
,yes,,60,yes/no,119
,no,,60,yes/no,120
,yes,,61,yes/no,121
,no,,61,yes/no,122
,yes,,62,yes/no,123
,no,,62,yes/no,124
,yes,,63,yes/no,125
,no,,63,yes/no,126
,yes,,64,yes/no,127
,no,,64,yes/no,128
,yes,,65,yes/no,129
,no,,65,yes/no,130
,yes,,66,yes/no,131
,no,,66,yes/no,132
,yes,,67,yes/no,133
,no,,67,yes/no,134
,yes,,68,yes/no,135
,no,,68,yes/no,136
,yes,,69,yes/no,137
,no,,69,yes/no,138
,yes,,70,yes/no,139
,no,,70,yes/no,140
,yes,,71,yes/no,141
,no,,71,yes/no,142
,yes,,72,yes/no,143
,no,,72,yes/no,144
,yes,,73,yes/no,145
,no,,73,yes/no,146
,yes,,74,yes/no,147
,no,,74,yes/no,148
,yes,,75,yes/no,149
,no,,75,yes/no,150
,yes,,76,yes/no,151
,no,,76,yes/no,152
,yes,,77,yes/no,153
,no,,77,yes/no,154
,yes,,78,yes/no,155
,no,,78,yes/no,156
,yes,,79,yes/no,157
,no,,79,yes/no,158
,yes,,80,yes/no,159
,no,,80,yes/no,160
,yes,,81,yes/no,161
,no,,81,yes/no,162
,yes,,82,yes/no,163
,no,,82,yes/no,164
,yes,,83,yes/no,165
,no,,83,yes/no,166
,yes,,84,yes/no,167
,no,,84,yes/no,168
,yes,,85,yes/no,169
,no,,85,yes/no,170
,yes,,86,yes/no,171
,no,,86,yes/no,172
,yes,,87,yes/no,173
,no,,87,yes/no,174
,yes,,88,yes/no,175
,no,,88,yes/no,176
,yes,,89,yes/no,177
,no,,89,yes/no,178
,yes,,90,yes/no,179
,no,,90,yes/no,180
,yes,,91,yes/no,181
,no,,91,yes/no,182
,yes,,92,yes/no,183
,no,,92,yes/no,184
,yes,,93,yes/no,185
,no,,93,yes/no,186
,yes,,94,yes/no,187
,no,,94,yes/no,188
,yes,,95,yes/no,189
,no,,95,yes/no,190
,yes,,96,yes/no,191
,no,,96,yes/no,192
,yes,,97,yes/no,193
,no,,97,yes/no,194
,yes,,98,yes/no,195
,no,,98,yes/no,196
,yes,,99,yes/no,197
,no,,99,yes/no,198
,yes,,100,yes/no,199
,no,,100,yes/no,200
,yes,,101,yes/no,201
,no,,101,yes/no,202
,yes,,102,yes/no,203
,no,,102,yes/no,204
,yes,,103,yes/no,205
,no,,103,yes/no,206
,yes,,104,yes/no,207
,no,,104,yes/no,208
,yes,,105,yes/no,209
,no,,105,yes/no,210
,yes,,106,yes/no,211
,no,,106,yes/no,212
,yes,,107,yes/no,213
,no,,107,yes/no,214
,yes,,108,yes/no,215
,no,,108,yes/no,216
,yes,,109,yes/no,217
,no,,109,yes/no,218
,yes,,110,yes/no,219
,no,,110,yes/no,220
,yes,,111,yes/no,221
,no,,111,yes/no,222
,yes,,112,yes/no,223
,no,,112,yes/no,224
,yes,,113,yes/no,225
,no,,113,yes/no,226
,yes,,114,yes/no,227
,no,,114,yes/no,228
,yes,,115,yes/no,229
,no,,115,yes/no,230
,yes,,116,yes/no,231
,no,,116,yes/no,232
,yes,,117,yes/no,233
,no,,117,yes/no,234
,yes,,118,yes/no,235
,no,,118,yes/no,236
,yes,,119,yes/no,237
,no,,119,yes/no,238
,yes,,120,yes/no,239
,no,,120,yes/no,240
,yes,,121,yes/no,241
,no,,121,yes/no,242
,yes,,122,yes/no,243
,no,,122,yes/no,244
,yes,,123,yes/no,245
,no,,123,yes/no,246
,yes,,124,yes/no,247
,no,,124,yes/no,248
,yes,,125,yes/no,249
,no,,125,yes/no,250
,yes,,126,yes/no,251
,no,,126,yes/no,252
,yes,,127,yes/no,253
,no,,127,yes/no,254
,yes,,128,yes/no,255
,no,,128,yes/no,256
,yes,,129,yes/no,257
,no,,129,yes/no,258
,yes,,130,yes/no,259
,no,,130,yes/no,260
,yes,,131,yes/no,261
,no,,131,yes/no,262
,yes,,132,yes/no,263
,no,,132,yes/no,264
,yes,,133,yes/no,265
,no,,133,yes/no,266
,yes,,134,yes/no,267
,no,,134,yes/no,268
,yes,,135,yes/no,269
,no,,135,yes/no,270
,yes,,136,yes/no,271
,no,,136,yes/no,272
,yes,,137,yes/no,273
,no,,137,yes/no,274
,yes,,138,yes/no,275
,no,,138,yes/no,276
,yes,,139,yes/no,277
,no,,139,yes/no,278
,yes,,140,yes/no,279
,no,,140,yes/no,280
,yes,,141,yes/no,281
,no,,141,yes/no,282
,yes,,142,yes/no,283
,no,,142,yes/no,284
,yes,,143,yes/no,285
,no,,143,yes/no,286
,yes,,144,yes/no,287
,no,,144,yes/no,288
,yes,,145,yes/no,289
,no,,145,yes/no,290
,yes,,146,yes/no,291
,no,,146,yes/no,292
,yes,,147,yes/no,293
,no,,147,yes/no,294
,yes,,148,yes/no,295
,no,,148,yes/no,296
,yes,,149,yes/no,297
,no,,149,yes/no,298
,yes,,150,yes/no,299
,no,,150,yes/no,300
,yes,,151,yes/no,301
,no,,151,yes/no,302
,yes,,152,yes/no,303
,no,,152,yes/no,304
,yes,,153,yes/no,305
,no,,153,yes/no,306
,yes,,154,yes/no,307
,no,,154,yes/no,308
,yes,,155,yes/no,309
,no,,155,yes/no,310
,yes,,156,yes/no,311
,no,,156,yes/no,312
,yes,,157,yes/no,313
,no,,157,yes/no,314
,yes,,158,yes/no,315
,no,,158,yes/no,316
,yes,,159,yes/no,317
,no,,159,yes/no,318
,yes,,160,yes/no,319
,no,,160,yes/no,320
,yes,,161,yes/no,321
,no,,161,yes/no,322
,yes,,162,yes/no,323
,no,,162,yes/no,324
,yes,,163,yes/no,325
,no,,163,yes/no,326
,yes,,164,yes/no,327
,no,,164,yes/no,328
,yes,,165,yes/no,329
,no,,165,yes/no,330
,yes,,166,yes/no,331
,no,,166,yes/no,332
,yes,,167,yes/no,333
,no,,167,yes/no,334
,yes,,168,yes/no,335
,no,,168,yes/no,336
,yes,,169,yes/no,337
,no,,169,yes/no,338
,yes,,170,yes/no,339
,no,,170,yes/no,340
,yes,,171,yes/no,341
,no,,171,yes/no,342
,yes,,172,yes/no,343
,no,,172,yes/no,344
,yes,,173,yes/no,345
,no,,173,yes/no,346
,yes,,174,yes/no,347
,no,,174,yes/no,348
,yes,,175,yes/no,349
,no,,175,yes/no,350
,yes,,176,yes/no,351
,no,,176,yes/no,352
,yes,,177,yes/no,353
,no,,177,yes/no,354
,yes,,178,yes/no,355
,no,,178,yes/no,356
,yes,,179,yes/no,357
,no,,179,yes/no,358
,yes,,180,yes/no,359
,no,,180,yes/no,360
,yes,,181,yes/no,361
,no,,181,yes/no,362
,yes,,182,yes/no,363
,no,,182,yes/no,364
,yes,,183,yes/no,365
,no,,183,yes/no,366
,yes,,184,yes/no,367
,no,,184,yes/no,368
,yes,,185,yes/no,369
,no,,185,yes/no,370
,yes,,186,yes/no,371
,no,,186,yes/no,372
,yes,,187,yes/no,373
,no,,187,yes/no,374
,yes,,188,yes/no,375
,no,,188,yes/no,376
,yes,,189,yes/no,377
,no,,189,yes/no,378
,yes,,190,yes/no,379
,no,,190,yes/no,380
,yes,,191,yes/no,381
,no,,191,yes/no,382
,yes,,192,yes/no,383
,no,,192,yes/no,384
,yes,,193,yes/no,385
,no,,193,yes/no,386
,yes,,194,yes/no,387
,no,,194,yes/no,388
,yes,,195,yes/no,389
,no,,195,yes/no,390
,yes,,196,yes/no,391
,no,,196,yes/no,392
,yes,,197,yes/no,393
,no,,197,yes/no,394
,yes,,198,yes/no,395
,no,,198,yes/no,396
,yes,,199,yes/no,397
,no,,199,yes/no,398
,yes,,200,yes/no,399
,no,,200,yes/no,400
,yes,,201,yes/no,401
,no,,201,yes/no,402
,yes,,202,yes/no,403
,no,,202,yes/no,404
,yes,,203,yes/no,405
,no,,203,yes/no,406
,yes,,204,yes/no,407
,no,,204,yes/no,408
,yes,,205,yes/no,409
,no,,205,yes/no,410
,yes,,206,yes/no,411
,no,,206,yes/no,412
,yes,,207,yes/no,413
,no,,207,yes/no,414
,yes,,208,yes/no,415
,no,,208,yes/no,416
,yes,,209,yes/no,417
,no,,209,yes/no,418
,yes,,210,yes/no,419
,no,,210,yes/no,420
,yes,,211,yes/no,421
,no,,211,yes/no,422
,yes,,212,yes/no,423
,no,,212,yes/no,424
,yes,,213,yes/no,425
,no,,213,yes/no,426
,yes,,214,yes/no,427
,no,,214,yes/no,428
,yes,,215,yes/no,429
,no,,215,yes/no,430
,yes,,216,yes/no,431
,no,,216,yes/no,432
,yes,,217,yes/no,433
,no,,217,yes/no,434
,yes,,218,yes/no,435
,no,,218,yes/no,436
,yes,,219,yes/no,437
,no,,219,yes/no,438
,yes,,220,yes/no,439
,no,,220,yes/no,440
,yes,,221,yes/no,441
,no,,221,yes/no,442
,yes,,222,yes/no,443
,no,,222,yes/no,444
,yes,,223,yes/no,445
,no,,223,yes/no,446
,yes,,224,yes/no,447
,no,,224,yes/no,448
,yes,,225,yes/no,449
,no,,225,yes/no,450
,yes,,226,yes/no,451
,no,,226,yes/no,452
,yes,,227,yes/no,453
,no,,227,yes/no,454
,yes,,228,yes/no,455
,no,,228,yes/no,456
,yes,,229,yes/no,457
,no,,229,yes/no,458
,yes,,230,yes/no,459
,no,,230,yes/no,460
,yes,,231,yes/no,461
,no,,231,yes/no,462
,yes,,232,yes/no,463
,no,,232,yes/no,464
,yes,,233,yes/no,465
,no,,233,yes/no,466
,yes,,234,yes/no,467
,no,,234,yes/no,468
,yes,,235,yes/no,469
,no,,235,yes/no,470
,yes,,236,yes/no,471
,no,,236,yes/no,472
,yes,,237,yes/no,473
,no,,237,yes/no,474
,yes,,238,yes/no,475
,no,,238,yes/no,476
,yes,,239,yes/no,477
,no,,239,yes/no,478
,yes,,240,yes/no,479
,no,,240,yes/no,480
,yes,,241,yes/no,481
,no,,241,yes/no,482
,yes,,242,yes/no,483
,no,,242,yes/no,484
,yes,,243,yes/no,485
,no,,243,yes/no,486
,yes,,244,yes/no,487
,no,,244,yes/no,488
,yes,,245,yes/no,489
,no,,245,yes/no,490
,yes,,246,yes/no,491
,no,,246,yes/no,492
,yes,,247,yes/no,493
,no,,247,yes/no,494
,yes,,248,yes/no,495
,no,,248,yes/no,496
,yes,,249,yes/no,497
,no,,249,yes/no,498
,yes,,250,yes/no,499
,no,,250,yes/no,500
,yes,,251,yes/no,501
,no,,251,yes/no,502
,yes,,252,yes/no,503
,no,,252,yes/no,504
,yes,,253,yes/no,505
,no,,253,yes/no,506
,yes,,254,yes/no,507
,no,,254,yes/no,508
,yes,,255,yes/no,509
,no,,255,yes/no,510
,yes,,256,yes/no,511
,no,,256,yes/no,512
,yes,,257,yes/no,513
,no,,257,yes/no,514
,yes,,258,yes/no,515
,no,,258,yes/no,516
,yes,,259,yes/no,517
,no,,259,yes/no,518
,yes,,260,yes/no,519
,no,,260,yes/no,520
,yes,,261,yes/no,521
,no,,261,yes/no,522
,yes,,262,yes/no,523
,no,,262,yes/no,524
,yes,,263,yes/no,525
,no,,263,yes/no,526
,yes,,264,yes/no,527
,no,,264,yes/no,528
,yes,,265,yes/no,529
,no,,265,yes/no,530
,yes,,266,yes/no,531
,no,,266,yes/no,532
,yes,,267,yes/no,533
,no,,267,yes/no,534
,yes,,268,yes/no,535
,no,,268,yes/no,536
,yes,,269,yes/no,537
,no,,269,yes/no,538
,yes,,270,yes/no,539
,no,,270,yes/no,540
,yes,,271,yes/no,541
,no,,271,yes/no,542
,yes,,272,yes/no,543
,no,,272,yes/no,544
,yes,,273,yes/no,545
,no,,273,yes/no,546
,yes,,274,yes/no,547
,no,,274,yes/no,548
,yes,,275,yes/no,549
,no,,275,yes/no,550
,yes,,276,yes/no,551
,no,,276,yes/no,552
,yes,,277,yes/no,553
,no,,277,yes/no,554
,yes,,278,yes/no,555
,no,,278,yes/no,556
,yes,,279,yes/no,557
,no,,279,yes/no,558
,yes,,280,yes/no,559
,no,,280,yes/no,560
,yes,,281,yes/no,561
,no,,281,yes/no,562
,yes,,282,yes/no,563
,no,,282,yes/no,564
,yes,,283,yes/no,565
,no,,283,yes/no,566
,yes,,284,yes/no,567
,no,,284,yes/no,568
,yes,,285,yes/no,569
,no,,285,yes/no,570
,yes,,286,yes/no,571
,no,,286,yes/no,572
,yes,,287,yes/no,573
,no,,287,yes/no,574
,yes,,288,yes/no,575
,no,,288,yes/no,576
,yes,,289,yes/no,577
,no,,289,yes/no,578
,yes,,290,yes/no,579
,no,,290,yes/no,580
,yes,,291,yes/no,581
,no,,291,yes/no,582
,yes,,292,yes/no,583
,no,,292,yes/no,584
,yes,,293,yes/no,585
,no,,293,yes/no,586
,yes,,294,yes/no,587
,no,,294,yes/no,588
,yes,,295,yes/no,589
,no,,295,yes/no,590
,yes,,296,yes/no,591
,no,,296,yes/no,592
,yes,,297,yes/no,593
,no,,297,yes/no,594
,yes,,298,yes/no,595
,no,,298,yes/no,596
,yes,,299,yes/no,597
,no,,299,yes/no,598
,yes,,300,yes/no,599
,no,,300,yes/no,600
,yes,,301,yes/no,601
,no,,301,yes/no,602
,yes,,302,yes/no,603
,no,,302,yes/no,604
,yes,,303,yes/no,605
,no,,303,yes/no,606
,yes,,304,yes/no,607
,no,,304,yes/no,608
,yes,,305,yes/no,609
,no,,305,yes/no,610
,yes,,306,yes/no,611
,no,,306,yes/no,612
,yes,,307,yes/no,613
,no,,307,yes/no,614
,yes,,308,yes/no,615
,no,,308,yes/no,616
,yes,,309,yes/no,617
,no,,309,yes/no,618
,yes,,310,yes/no,619
,no,,310,yes/no,620
,yes,,311,yes/no,621
,no,,311,yes/no,622
,yes,,312,yes/no,623
,no,,312,yes/no,624
,yes,,313,yes/no,625
,no,,313,yes/no,626
,yes,,314,yes/no,627
,no,,314,yes/no,628
,yes,,315,yes/no,629
,no,,315,yes/no,630
,yes,,316,yes/no,631
,no,,316,yes/no,632
,yes,,317,yes/no,633
,no,,317,yes/no,634
,yes,,318,yes/no,635
,no,,318,yes/no,636
,yes,,319,yes/no,637
,no,,319,yes/no,638
,yes,,320,yes/no,639
,no,,320,yes/no,640
,yes,,321,yes/no,641
,no,,321,yes/no,642
,yes,,322,yes/no,643
,no,,322,yes/no,644
,yes,,323,yes/no,645
,no,,323,yes/no,646
,yes,,324,yes/no,647
,no,,324,yes/no,648
,yes,,325,yes/no,649
,no,,325,yes/no,650
,yes,,326,yes/no,651
,no,,326,yes/no,652
,yes,,327,yes/no,653
,no,,327,yes/no,654
,yes,,328,yes/no,655
,no,,328,yes/no,656
,yes,,329,yes/no,657
,no,,329,yes/no,658
,yes,,330,yes/no,659
,no,,330,yes/no,660
,yes,,331,yes/no,661
,no,,331,yes/no,662
,yes,,332,yes/no,663
,no,,332,yes/no,664
,yes,,333,yes/no,665
,no,,333,yes/no,666
,yes,,334,yes/no,667
,no,,334,yes/no,668
,yes,,335,yes/no,669
,no,,335,yes/no,670
,yes,,336,yes/no,671
,no,,336,yes/no,672
,yes,,337,yes/no,673
,no,,337,yes/no,674
,yes,,338,yes/no,675
,no,,338,yes/no,676
,yes,,339,yes/no,677
,no,,339,yes/no,678
,yes,,340,yes/no,679
,no,,340,yes/no,680
,yes,,341,yes/no,681
,no,,341,yes/no,682
,yes,,342,yes/no,683
,no,,342,yes/no,684
,yes,,343,yes/no,685
,no,,343,yes/no,686
,yes,,344,yes/no,687
,no,,344,yes/no,688
,yes,,345,yes/no,689
,no,,345,yes/no,690
,yes,,346,yes/no,691
,no,,346,yes/no,692
,yes,,347,yes/no,693
,no,,347,yes/no,694
,yes,,348,yes/no,695
,no,,348,yes/no,696
,yes,,349,yes/no,697
,no,,349,yes/no,698
,yes,,350,yes/no,699
,no,,350,yes/no,700
,yes,,351,yes/no,701
,no,,351,yes/no,702
,yes,,352,yes/no,703
,no,,352,yes/no,704
,yes,,353,yes/no,705
,no,,353,yes/no,706
,yes,,354,yes/no,707
,no,,354,yes/no,708
,yes,,355,yes/no,709
,no,,355,yes/no,710
,yes,,356,yes/no,711
,no,,356,yes/no,712
,yes,,357,yes/no,713
,no,,357,yes/no,714
,yes,,358,yes/no,715
,no,,358,yes/no,716
,yes,,359,yes/no,717
,no,,359,yes/no,718
,yes,,360,yes/no,719
,no,,360,yes/no,720
,yes,,361,yes/no,721
,no,,361,yes/no,722
,yes,,362,yes/no,723
,no,,362,yes/no,724
,yes,,363,yes/no,725
,no,,363,yes/no,726
,yes,,364,yes/no,727
,no,,364,yes/no,728
,yes,,365,yes/no,729
,no,,365,yes/no,730
,yes,,366,yes/no,731
,no,,366,yes/no,732
,yes,,367,yes/no,733
,no,,367,yes/no,734
,yes,,368,yes/no,735
,no,,368,yes/no,736
,yes,,369,yes/no,737
,no,,369,yes/no,738
,yes,,370,yes/no,739
,no,,370,yes/no,740
,yes,,371,yes/no,741
,no,,371,yes/no,742
,yes,,372,yes/no,743
,no,,372,yes/no,744
,yes,,373,yes/no,745
,no,,373,yes/no,746
,yes,,374,yes/no,747
,no,,374,yes/no,748
,yes,,375,yes/no,749
,no,,375,yes/no,750
,yes,,376,yes/no,751
,no,,376,yes/no,752
,yes,,377,yes/no,753
,no,,377,yes/no,754
,yes,,378,yes/no,755
,no,,378,yes/no,756
,yes,,379,yes/no,757
,no,,379,yes/no,758
,yes,,380,yes/no,759
,no,,380,yes/no,760
,yes,,381,yes/no,761
,no,,381,yes/no,762
,yes,,382,yes/no,763
,no,,382,yes/no,764
,yes,,383,yes/no,765
,no,,383,yes/no,766
,yes,,384,yes/no,767
,no,,384,yes/no,768
,yes,,385,yes/no,769
,no,,385,yes/no,770
,yes,,386,yes/no,771
,no,,386,yes/no,772
,yes,,387,yes/no,773
,no,,387,yes/no,774
,yes,,388,yes/no,775
,no,,388,yes/no,776
,yes,,389,yes/no,777
,no,,389,yes/no,778
,yes,,390,yes/no,779
,no,,390,yes/no,780
,yes,,391,yes/no,781
,no,,391,yes/no,782
,yes,,392,yes/no,783
,no,,392,yes/no,784
,yes,,393,yes/no,785
,no,,393,yes/no,786
,yes,,394,yes/no,787
,no,,394,yes/no,788
,yes,,395,yes/no,789
,no,,395,yes/no,790
,yes,,396,yes/no,791
,no,,396,yes/no,792
,yes,,397,yes/no,793
,no,,397,yes/no,794
,yes,,398,yes/no,795
,no,,398,yes/no,796
,yes,,399,yes/no,797
,no,,399,yes/no,798
,yes,,400,yes/no,799
,no,,400,yes/no,800
,yes,,401,yes/no,801
,no,,401,yes/no,802
,yes,,402,yes/no,803
,no,,402,yes/no,804
,yes,,403,yes/no,805
,no,,403,yes/no,806
,yes,,404,yes/no,807
,no,,404,yes/no,808
,yes,,405,yes/no,809
,no,,405,yes/no,810
,yes,,406,yes/no,811
,no,,406,yes/no,812
,yes,,407,yes/no,813
,no,,407,yes/no,814
,yes,,408,yes/no,815
,no,,408,yes/no,816
,yes,,409,yes/no,817
,no,,409,yes/no,818
,yes,,410,yes/no,819
,no,,410,yes/no,820
,yes,,411,yes/no,821
,no,,411,yes/no,822
,yes,,412,yes/no,823
,no,,412,yes/no,824
,yes,,413,yes/no,825
,no,,413,yes/no,826
,yes,,414,yes/no,827
,no,,414,yes/no,828
,yes,,415,yes/no,829
,no,,415,yes/no,830
,yes,,416,yes/no,831
,no,,416,yes/no,832
,yes,,417,yes/no,833
,no,,417,yes/no,834
,yes,,418,yes/no,835
,no,,418,yes/no,836
,yes,,419,yes/no,837
,no,,419,yes/no,838
,yes,,420,yes/no,839
,no,,420,yes/no,840
,yes,,421,yes/no,841
,no,,421,yes/no,842
,yes,,422,yes/no,843
,no,,422,yes/no,844
,yes,,423,yes/no,845
,no,,423,yes/no,846
,yes,,424,yes/no,847
,no,,424,yes/no,848
,yes,,425,yes/no,849
,no,,425,yes/no,850
,yes,,426,yes/no,851
,no,,426,yes/no,852
,yes,,427,yes/no,853
,no,,427,yes/no,854
,yes,,428,yes/no,855
,no,,428,yes/no,856
,yes,,429,yes/no,857
,no,,429,yes/no,858
,yes,,430,yes/no,859
,no,,430,yes/no,860
,yes,,431,yes/no,861
,no,,431,yes/no,862
,yes,,432,yes/no,863
,no,,432,yes/no,864
,yes,,433,yes/no,865
,no,,433,yes/no,866
,yes,,434,yes/no,867
,no,,434,yes/no,868
,yes,,435,yes/no,869
,no,,435,yes/no,870
,yes,,436,yes/no,871
,no,,436,yes/no,872
,yes,,437,yes/no,873
,no,,437,yes/no,874
,yes,,438,yes/no,875
,no,,438,yes/no,876
,yes,,439,yes/no,877
,no,,439,yes/no,878
,yes,,440,yes/no,879
,no,,440,yes/no,880
,yes,,441,yes/no,881
,no,,441,yes/no,882
,yes,,442,yes/no,883
,no,,442,yes/no,884
,yes,,443,yes/no,885
,no,,443,yes/no,886
,yes,,444,yes/no,887
,no,,444,yes/no,888
,yes,,445,yes/no,889
,no,,445,yes/no,890
,yes,,446,yes/no,891
,no,,446,yes/no,892
,yes,,447,yes/no,893
,no,,447,yes/no,894
,yes,,448,yes/no,895
,no,,448,yes/no,896
,yes,,449,yes/no,897
,no,,449,yes/no,898
,yes,,450,yes/no,899
,no,,450,yes/no,900
,yes,,451,yes/no,901
,no,,451,yes/no,902
,yes,,452,yes/no,903
,no,,452,yes/no,904
,yes,,453,yes/no,905
,no,,453,yes/no,906
,yes,,454,yes/no,907
,no,,454,yes/no,908
,yes,,455,yes/no,909
,no,,455,yes/no,910
,yes,,456,yes/no,911
,no,,456,yes/no,912
,yes,,457,yes/no,913
,no,,457,yes/no,914
,yes,,458,yes/no,915
,no,,458,yes/no,916
,yes,,459,yes/no,917
,no,,459,yes/no,918
,yes,,460,yes/no,919
,no,,460,yes/no,920
,yes,,461,yes/no,921
,no,,461,yes/no,922
,yes,,462,yes/no,923
,no,,462,yes/no,924
,yes,,463,yes/no,925
,no,,463,yes/no,926
,yes,,464,yes/no,927
,no,,464,yes/no,928
,yes,,465,yes/no,929
,no,,465,yes/no,930
,yes,,466,yes/no,931
,no,,466,yes/no,932
,yes,,467,yes/no,933
,no,,467,yes/no,934
,yes,,468,yes/no,935
,no,,468,yes/no,936
,yes,,469,yes/no,937
,no,,469,yes/no,938
,yes,,470,yes/no,939
,no,,470,yes/no,940
,yes,,471,yes/no,941
,no,,471,yes/no,942
,yes,,472,yes/no,943
,no,,472,yes/no,944
,yes,,473,yes/no,945
,no,,473,yes/no,946
,yes,,474,yes/no,947
,no,,474,yes/no,948
,yes,,475,yes/no,949
,no,,475,yes/no,950
,yes,,476,yes/no,951
,no,,476,yes/no,952
,yes,,477,yes/no,953
,no,,477,yes/no,954
,yes,,478,yes/no,955
,no,,478,yes/no,956
,yes,,479,yes/no,957
,no,,479,yes/no,958
,yes,,480,yes/no,959
,no,,480,yes/no,960
,yes,,481,yes/no,961
,no,,481,yes/no,962
,yes,,482,yes/no,963
,no,,482,yes/no,964
,yes,,483,yes/no,965
,no,,483,yes/no,966
,yes,,484,yes/no,967
,no,,484,yes/no,968
,yes,,485,yes/no,969
,no,,485,yes/no,970
,yes,,486,yes/no,971
,no,,486,yes/no,972
,yes,,487,yes/no,973
,no,,487,yes/no,974
,yes,,488,yes/no,975
,no,,488,yes/no,976
,yes,,489,yes/no,977
,no,,489,yes/no,978
,yes,,490,yes/no,979
,no,,490,yes/no,980
,yes,,491,yes/no,981
,no,,491,yes/no,982
,yes,,492,yes/no,983
,no,,492,yes/no,984
,yes,,493,yes/no,985
,no,,493,yes/no,986
,yes,,494,yes/no,987
,no,,494,yes/no,988
,yes,,495,yes/no,989
,no,,495,yes/no,990
,yes,,496,yes/no,991
,no,,496,yes/no,992
,yes,,497,yes/no,993
,no,,497,yes/no,994
,yes,,498,yes/no,995
,no,,498,yes/no,996
,yes,,499,yes/no,997
,no,,499,yes/no,998
,yes,,500,yes/no,999
,no,,500,yes/no,1000
,yes,,501,yes/no,1001
,no,,501,yes/no,1002
,yes,,502,yes/no,1003
,no,,502,yes/no,1004
,yes,,503,yes/no,1005
,no,,503,yes/no,1006
,yes,,504,yes/no,1007
,no,,504,yes/no,1008
,yes,,505,yes/no,1009
,no,,505,yes/no,1010
,yes,,506,yes/no,1011
,no,,506,yes/no,1012
,yes,,507,yes/no,1013
,no,,507,yes/no,1014
,yes,,508,yes/no,1015
,no,,508,yes/no,1016
,yes,,509,yes/no,1017
,no,,509,yes/no,1018
,yes,,510,yes/no,1019
,no,,510,yes/no,1020
,yes,,511,yes/no,1021
,no,,511,yes/no,1022
,yes,,512,yes/no,1023
,no,,512,yes/no,1024
,yes,,513,yes/no,1025
,no,,513,yes/no,1026
,yes,,514,yes/no,1027
,no,,514,yes/no,1028
,yes,,515,yes/no,1029
,no,,515,yes/no,1030
,yes,,516,yes/no,1031
,no,,516,yes/no,1032
,yes,,517,yes/no,1033
,no,,517,yes/no,1034
,yes,,518,yes/no,1035
,no,,518,yes/no,1036
,yes,,519,yes/no,1037
,no,,519,yes/no,1038
,yes,,520,yes/no,1039
,no,,520,yes/no,1040
,yes,,521,yes/no,1041
,no,,521,yes/no,1042
,yes,,522,yes/no,1043
,no,,522,yes/no,1044
,yes,,523,yes/no,1045
,no,,523,yes/no,1046
,yes,,524,yes/no,1047
,no,,524,yes/no,1048
,yes,,525,yes/no,1049
,no,,525,yes/no,1050
,yes,,526,yes/no,1051
,no,,526,yes/no,1052
,yes,,527,yes/no,1053
,no,,527,yes/no,1054
,yes,,528,yes/no,1055
,no,,528,yes/no,1056
,yes,,529,yes/no,1057
,no,,529,yes/no,1058
,yes,,530,yes/no,1059
,no,,530,yes/no,1060
,yes,,531,yes/no,1061
,no,,531,yes/no,1062
,yes,,532,yes/no,1063
,no,,532,yes/no,1064
,yes,,533,yes/no,1065
,no,,533,yes/no,1066
,yes,,534,yes/no,1067
,no,,534,yes/no,1068
,yes,,535,yes/no,1069
,no,,535,yes/no,1070
,yes,,536,yes/no,1071
,no,,536,yes/no,1072
,yes,,537,yes/no,1073
,no,,537,yes/no,1074
,yes,,538,yes/no,1075
,no,,538,yes/no,1076
,yes,,539,yes/no,1077
,no,,539,yes/no,1078
,yes,,540,yes/no,1079
,no,,540,yes/no,1080
,yes,,541,yes/no,1081
,no,,541,yes/no,1082
,yes,,542,yes/no,1083
,no,,542,yes/no,1084
,yes,,543,yes/no,1085
,no,,543,yes/no,1086
,yes,,544,yes/no,1087
,no,,544,yes/no,1088
,yes,,545,yes/no,1089
,no,,545,yes/no,1090
,yes,,546,yes/no,1091
,no,,546,yes/no,1092
,yes,,547,yes/no,1093
,no,,547,yes/no,1094
,yes,,548,yes/no,1095
,no,,548,yes/no,1096
,yes,,549,yes/no,1097
,no,,549,yes/no,1098
,yes,,550,yes/no,1099
,no,,550,yes/no,1100
,yes,,551,yes/no,1101
,no,,551,yes/no,1102
,yes,,552,yes/no,1103
,no,,552,yes/no,1104
,yes,,553,yes/no,1105
,no,,553,yes/no,1106
,yes,,554,yes/no,1107
,no,,554,yes/no,1108
,yes,,555,yes/no,1109
,no,,555,yes/no,1110
,yes,,556,yes/no,1111
,no,,556,yes/no,1112
,yes,,557,yes/no,1113
,no,,557,yes/no,1114
,yes,,558,yes/no,1115
,no,,558,yes/no,1116
,yes,,559,yes/no,1117
,no,,559,yes/no,1118
,yes,,560,yes/no,1119
,no,,560,yes/no,1120
,yes,,561,yes/no,1121
,no,,561,yes/no,1122
,yes,,562,yes/no,1123
,no,,562,yes/no,1124
,yes,,563,yes/no,1125
,no,,563,yes/no,1126
,yes,,564,yes/no,1127
,no,,564,yes/no,1128
,yes,,565,yes/no,1129
,no,,565,yes/no,1130
,yes,,566,yes/no,1131
,no,,566,yes/no,1132
,yes,,567,yes/no,1133
,no,,567,yes/no,1134
,yes,,568,yes/no,1135
,no,,568,yes/no,1136
,yes,,569,yes/no,1137
,no,,569,yes/no,1138
,yes,,570,yes/no,1139
,no,,570,yes/no,1140
,yes,,571,yes/no,1141
,no,,571,yes/no,1142
,yes,,572,yes/no,1143
,no,,572,yes/no,1144
,yes,,573,yes/no,1145
,no,,573,yes/no,1146
,yes,,574,yes/no,1147
,no,,574,yes/no,1148
,yes,,575,yes/no,1149
,no,,575,yes/no,1150
,yes,,576,yes/no,1151
,no,,576,yes/no,1152
,yes,,577,yes/no,1153
,no,,577,yes/no,1154
,yes,,578,yes/no,1155
,no,,578,yes/no,1156
,yes,,579,yes/no,1157
,no,,579,yes/no,1158
,yes,,580,yes/no,1159
,no,,580,yes/no,1160
,yes,,581,yes/no,1161
,no,,581,yes/no,1162
,yes,,582,yes/no,1163
,no,,582,yes/no,1164
,yes,,583,yes/no,1165
,no,,583,yes/no,1166
,yes,,584,yes/no,1167
,no,,584,yes/no,1168
,yes,,585,yes/no,1169
,no,,585,yes/no,1170
,yes,,586,yes/no,1171
,no,,586,yes/no,1172
,yes,,587,yes/no,1173
,no,,587,yes/no,1174
,yes,,588,yes/no,1175
,no,,588,yes/no,1176
,yes,,589,yes/no,1177
,no,,589,yes/no,1178
,yes,,590,yes/no,1179
,no,,590,yes/no,1180
,yes,,591,yes/no,1181
,no,,591,yes/no,1182
,yes,,592,yes/no,1183
,no,,592,yes/no,1184
,yes,,593,yes/no,1185
,no,,593,yes/no,1186
,yes,,594,yes/no,1187
,no,,594,yes/no,1188
,yes,,595,yes/no,1189
,no,,595,yes/no,1190
,yes,,596,yes/no,1191
,no,,596,yes/no,1192
,yes,,597,yes/no,1193
,no,,597,yes/no,1194
,yes,,598,yes/no,1195
,no,,598,yes/no,1196
,yes,,599,yes/no,1197
,no,,599,yes/no,1198
,yes,,600,yes/no,1199
,no,,600,yes/no,1200
,yes,,601,yes/no,1201
,no,,601,yes/no,1202
,yes,,602,yes/no,1203
,no,,602,yes/no,1204
,yes,,603,yes/no,1205
,no,,603,yes/no,1206
,yes,,604,yes/no,1207
,no,,604,yes/no,1208
,yes,,605,yes/no,1209
,no,,605,yes/no,1210
,yes,,606,yes/no,1211
,no,,606,yes/no,1212
,yes,,607,yes/no,1213
,no,,607,yes/no,1214
,yes,,608,yes/no,1215
,no,,608,yes/no,1216
,yes,,609,yes/no,1217
,no,,609,yes/no,1218
,yes,,610,yes/no,1219
,no,,610,yes/no,1220
,yes,,611,yes/no,1221
,no,,611,yes/no,1222
,yes,,612,yes/no,1223
,no,,612,yes/no,1224
,yes,,613,yes/no,1225
,no,,613,yes/no,1226
,yes,,614,yes/no,1227
,no,,614,yes/no,1228
,yes,,615,yes/no,1229
,no,,615,yes/no,1230
,yes,,616,yes/no,1231
,no,,616,yes/no,1232
,yes,,617,yes/no,1233
,no,,617,yes/no,1234
,yes,,618,yes/no,1235
,no,,618,yes/no,1236
,yes,,619,yes/no,1237
,no,,619,yes/no,1238
,yes,,620,yes/no,1239
,no,,620,yes/no,1240
,yes,,621,yes/no,1241
,no,,621,yes/no,1242
,yes,,622,yes/no,1243
,no,,622,yes/no,1244
,yes,,623,yes/no,1245
,no,,623,yes/no,1246
,yes,,624,yes/no,1247
,no,,624,yes/no,1248
,yes,,625,yes/no,1249
,no,,625,yes/no,1250
,yes,,626,yes/no,1251
,no,,626,yes/no,1252
,yes,,627,yes/no,1253
,no,,627,yes/no,1254
,yes,,628,yes/no,1255
,no,,628,yes/no,1256
,yes,,629,yes/no,1257
,no,,629,yes/no,1258
,yes,,630,yes/no,1259
,no,,630,yes/no,1260
,yes,,631,yes/no,1261
,no,,631,yes/no,1262
,yes,,632,yes/no,1263
,no,,632,yes/no,1264
,yes,,633,yes/no,1265
,no,,633,yes/no,1266
,yes,,634,yes/no,1267
,no,,634,yes/no,1268
,yes,,635,yes/no,1269
,no,,635,yes/no,1270
,yes,,636,yes/no,1271
,no,,636,yes/no,1272
,yes,,637,yes/no,1273
,no,,637,yes/no,1274
,yes,,638,yes/no,1275
,no,,638,yes/no,1276
,yes,,639,yes/no,1277
,no,,639,yes/no,1278
,yes,,640,yes/no,1279
,no,,640,yes/no,1280
,yes,,641,yes/no,1281
,no,,641,yes/no,1282
,yes,,642,yes/no,1283
,no,,642,yes/no,1284
,yes,,643,yes/no,1285
,no,,643,yes/no,1286
,yes,,644,yes/no,1287
,no,,644,yes/no,1288
,yes,,645,yes/no,1289
,no,,645,yes/no,1290
,yes,,646,yes/no,1291
,no,,646,yes/no,1292
,yes,,647,yes/no,1293
,no,,647,yes/no,1294
,yes,,648,yes/no,1295
,no,,648,yes/no,1296
,yes,,649,yes/no,1297
,no,,649,yes/no,1298
,yes,,650,yes/no,1299
,no,,650,yes/no,1300
,yes,,651,yes/no,1301
,no,,651,yes/no,1302
,yes,,652,yes/no,1303
,no,,652,yes/no,1304
,yes,,653,yes/no,1305
,no,,653,yes/no,1306
,yes,,654,yes/no,1307
,no,,654,yes/no,1308
,yes,,655,yes/no,1309
,no,,655,yes/no,1310
,yes,,656,yes/no,1311
,no,,656,yes/no,1312
,yes,,657,yes/no,1313
,no,,657,yes/no,1314
,yes,,658,yes/no,1315
,no,,658,yes/no,1316
,yes,,659,yes/no,1317
,no,,659,yes/no,1318
,yes,,660,yes/no,1319
,no,,660,yes/no,1320
,yes,,661,yes/no,1321
,no,,661,yes/no,1322
,yes,,662,yes/no,1323
,no,,662,yes/no,1324
,yes,,663,yes/no,1325
,no,,663,yes/no,1326
,yes,,664,yes/no,1327
,no,,664,yes/no,1328
,yes,,665,yes/no,1329
,no,,665,yes/no,1330
,yes,,666,yes/no,1331
,no,,666,yes/no,1332
,yes,,667,yes/no,1333
,no,,667,yes/no,1334
,yes,,668,yes/no,1335
,no,,668,yes/no,1336
,yes,,669,yes/no,1337
,no,,669,yes/no,1338
,yes,,670,yes/no,1339
,no,,670,yes/no,1340
,yes,,671,yes/no,1341
,no,,671,yes/no,1342
,yes,,672,yes/no,1343
,no,,672,yes/no,1344
,yes,,673,yes/no,1345
,no,,673,yes/no,1346
,yes,,674,yes/no,1347
,no,,674,yes/no,1348
,yes,,675,yes/no,1349
,no,,675,yes/no,1350
,yes,,676,yes/no,1351
,no,,676,yes/no,1352
,yes,,677,yes/no,1353
,no,,677,yes/no,1354
,yes,,678,yes/no,1355
,no,,678,yes/no,1356
,yes,,679,yes/no,1357
,no,,679,yes/no,1358
,yes,,680,yes/no,1359
,no,,680,yes/no,1360
,yes,,681,yes/no,1361
,no,,681,yes/no,1362
,yes,,682,yes/no,1363
,no,,682,yes/no,1364
,yes,,683,yes/no,1365
,no,,683,yes/no,1366
,yes,,684,yes/no,1367
,no,,684,yes/no,1368
,yes,,685,yes/no,1369
,no,,685,yes/no,1370
,yes,,686,yes/no,1371
,no,,686,yes/no,1372
,yes,,687,yes/no,1373
,no,,687,yes/no,1374
,yes,,688,yes/no,1375
,no,,688,yes/no,1376
,yes,,689,yes/no,1377
,no,,689,yes/no,1378
,yes,,690,yes/no,1379
,no,,690,yes/no,1380
,yes,,691,yes/no,1381
,no,,691,yes/no,1382
,yes,,692,yes/no,1383
,no,,692,yes/no,1384
,yes,,693,yes/no,1385
,no,,693,yes/no,1386
,yes,,694,yes/no,1387
,no,,694,yes/no,1388
,yes,,695,yes/no,1389
,no,,695,yes/no,1390
,yes,,696,yes/no,1391
,no,,696,yes/no,1392
,yes,,697,yes/no,1393
,no,,697,yes/no,1394
,yes,,698,yes/no,1395
,no,,698,yes/no,1396
,yes,,699,yes/no,1397
,no,,699,yes/no,1398
,yes,,700,yes/no,1399
,no,,700,yes/no,1400
,yes,,701,yes/no,1401
,no,,701,yes/no,1402
,yes,,702,yes/no,1403
,no,,702,yes/no,1404
,yes,,703,yes/no,1405
,no,,703,yes/no,1406
,yes,,704,yes/no,1407
,no,,704,yes/no,1408
,yes,,705,yes/no,1409
,no,,705,yes/no,1410
,yes,,706,yes/no,1411
,no,,706,yes/no,1412
,yes,,707,yes/no,1413
,no,,707,yes/no,1414
,yes,,708,yes/no,1415
,no,,708,yes/no,1416
,yes,,709,yes/no,1417
,no,,709,yes/no,1418
,yes,,710,yes/no,1419
,no,,710,yes/no,1420
,yes,,711,yes/no,1421
,no,,711,yes/no,1422
,yes,,712,yes/no,1423
,no,,712,yes/no,1424
,yes,,713,yes/no,1425
,no,,713,yes/no,1426
,yes,,714,yes/no,1427
,no,,714,yes/no,1428
,yes,,715,yes/no,1429
,no,,715,yes/no,1430
,yes,,716,yes/no,1431
,no,,716,yes/no,1432
,yes,,717,yes/no,1433
,no,,717,yes/no,1434
,yes,,718,yes/no,1435
,no,,718,yes/no,1436
,yes,,719,yes/no,1437
,no,,719,yes/no,1438
,yes,,720,yes/no,1439
,no,,720,yes/no,1440
,yes,,721,yes/no,1441
,no,,721,yes/no,1442
,yes,,722,yes/no,1443
,no,,722,yes/no,1444
,yes,,723,yes/no,1445
,no,,723,yes/no,1446
,yes,,724,yes/no,1447
,no,,724,yes/no,1448
,yes,,725,yes/no,1449
,no,,725,yes/no,1450
,yes,,726,yes/no,1451
,no,,726,yes/no,1452
,yes,,727,yes/no,1453
,no,,727,yes/no,1454
,yes,,728,yes/no,1455
,no,,728,yes/no,1456
,yes,,729,yes/no,1457
,no,,729,yes/no,1458
,yes,,730,yes/no,1459
,no,,730,yes/no,1460
,yes,,731,yes/no,1461
,no,,731,yes/no,1462
,yes,,732,yes/no,1463
,no,,732,yes/no,1464
,yes,,733,yes/no,1465
,no,,733,yes/no,1466
,yes,,734,yes/no,1467
,no,,734,yes/no,1468
,yes,,735,yes/no,1469
,no,,735,yes/no,1470
,yes,,736,yes/no,1471
,no,,736,yes/no,1472
,yes,,737,yes/no,1473
,no,,737,yes/no,1474
,yes,,738,yes/no,1475
,no,,738,yes/no,1476
,yes,,739,yes/no,1477
,no,,739,yes/no,1478
,yes,,740,yes/no,1479
,no,,740,yes/no,1480
,yes,,741,yes/no,1481
,no,,741,yes/no,1482
,yes,,742,yes/no,1483
,no,,742,yes/no,1484
,yes,,743,yes/no,1485
,no,,743,yes/no,1486
,yes,,744,yes/no,1487
,no,,744,yes/no,1488
,yes,,745,yes/no,1489
,no,,745,yes/no,1490
,yes,,746,yes/no,1491
,no,,746,yes/no,1492
,yes,,747,yes/no,1493
,no,,747,yes/no,1494
,yes,,748,yes/no,1495
,no,,748,yes/no,1496
,yes,,749,yes/no,1497
,no,,749,yes/no,1498
,yes,,750,yes/no,1499
,no,,750,yes/no,1500
,yes,,751,yes/no,1501
,no,,751,yes/no,1502
,yes,,752,yes/no,1503
,no,,752,yes/no,1504
,yes,,753,yes/no,1505
,no,,753,yes/no,1506
,yes,,754,yes/no,1507
,no,,754,yes/no,1508
,yes,,755,yes/no,1509
,no,,755,yes/no,1510
,yes,,756,yes/no,1511
,no,,756,yes/no,1512
,yes,,757,yes/no,1513
,no,,757,yes/no,1514
,yes,,758,yes/no,1515
,no,,758,yes/no,1516
,yes,,759,yes/no,1517
,no,,759,yes/no,1518
,yes,,760,yes/no,1519
,no,,760,yes/no,1520
,yes,,761,yes/no,1521
,no,,761,yes/no,1522
,yes,,762,yes/no,1523
,no,,762,yes/no,1524
,yes,,763,yes/no,1525
,no,,763,yes/no,1526
,yes,,764,yes/no,1527
,no,,764,yes/no,1528
,yes,,765,yes/no,1529
,no,,765,yes/no,1530
,yes,,766,yes/no,1531
,no,,766,yes/no,1532
,yes,,767,yes/no,1533
,no,,767,yes/no,1534
,yes,,768,yes/no,1535
,no,,768,yes/no,1536
,yes,,769,yes/no,1537
,no,,769,yes/no,1538
,yes,,770,yes/no,1539
,no,,770,yes/no,1540
,yes,,771,yes/no,1541
,no,,771,yes/no,1542
,yes,,772,yes/no,1543
,no,,772,yes/no,1544
,yes,,773,yes/no,1545
,no,,773,yes/no,1546
,yes,,774,yes/no,1547
,no,,774,yes/no,1548
,yes,,775,yes/no,1549
,no,,775,yes/no,1550
,yes,,776,yes/no,1551
,no,,776,yes/no,1552
,yes,,777,yes/no,1553
,no,,777,yes/no,1554
,yes,,778,yes/no,1555
,no,,778,yes/no,1556
,yes,,779,yes/no,1557
,no,,779,yes/no,1558
,yes,,780,yes/no,1559
,no,,780,yes/no,1560
,yes,,781,yes/no,1561
,no,,781,yes/no,1562
,yes,,782,yes/no,1563
,no,,782,yes/no,1564
,yes,,783,yes/no,1565
,no,,783,yes/no,1566
,yes,,784,yes/no,1567
,no,,784,yes/no,1568
,yes,,785,yes/no,1569
,no,,785,yes/no,1570
,yes,,786,yes/no,1571
,no,,786,yes/no,1572
,yes,,787,yes/no,1573
,no,,787,yes/no,1574
,yes,,788,yes/no,1575
,no,,788,yes/no,1576
,yes,,789,yes/no,1577
,no,,789,yes/no,1578
,yes,,790,yes/no,1579
,no,,790,yes/no,1580
,yes,,791,yes/no,1581
,no,,791,yes/no,1582
,yes,,792,yes/no,1583
,no,,792,yes/no,1584
,yes,,793,yes/no,1585
,no,,793,yes/no,1586
,yes,,794,yes/no,1587
,no,,794,yes/no,1588
,yes,,795,yes/no,1589
,no,,795,yes/no,1590
,yes,,796,yes/no,1591
,no,,796,yes/no,1592
,yes,,797,yes/no,1593
,no,,797,yes/no,1594
,yes,,798,yes/no,1595
,no,,798,yes/no,1596
,yes,,799,yes/no,1597
,no,,799,yes/no,1598
,yes,,800,yes/no,1599
,no,,800,yes/no,1600
,yes,,801,yes/no,1601
,no,,801,yes/no,1602
,yes,,802,yes/no,1603
,no,,802,yes/no,1604
,yes,,803,yes/no,1605
,no,,803,yes/no,1606
,yes,,804,yes/no,1607
,no,,804,yes/no,1608
,yes,,805,yes/no,1609
,no,,805,yes/no,1610
,yes,,806,yes/no,1611
,no,,806,yes/no,1612
,yes,,807,yes/no,1613
,no,,807,yes/no,1614
,yes,,808,yes/no,1615
,no,,808,yes/no,1616
,yes,,809,yes/no,1617
,no,,809,yes/no,1618
,yes,,810,yes/no,1619
,no,,810,yes/no,1620
,yes,,811,yes/no,1621
,no,,811,yes/no,1622
,yes,,812,yes/no,1623
,no,,812,yes/no,1624
,yes,,813,yes/no,1625
,no,,813,yes/no,1626
,yes,,814,yes/no,1627
,no,,814,yes/no,1628
,yes,,815,yes/no,1629
,no,,815,yes/no,1630
,yes,,816,yes/no,1631
,no,,816,yes/no,1632
,yes,,817,yes/no,1633
,no,,817,yes/no,1634
,yes,,818,yes/no,1635
,no,,818,yes/no,1636
,yes,,819,yes/no,1637
,no,,819,yes/no,1638
,yes,,820,yes/no,1639
,no,,820,yes/no,1640
,yes,,821,yes/no,1641
,no,,821,yes/no,1642
,yes,,822,yes/no,1643
,no,,822,yes/no,1644
,yes,,823,yes/no,1645
,no,,823,yes/no,1646
,yes,,824,yes/no,1647
,no,,824,yes/no,1648
,yes,,825,yes/no,1649
,no,,825,yes/no,1650
,yes,,826,yes/no,1651
,no,,826,yes/no,1652
,yes,,827,yes/no,1653
,no,,827,yes/no,1654
,yes,,828,yes/no,1655
,no,,828,yes/no,1656
,yes,,829,yes/no,1657
,no,,829,yes/no,1658
,yes,,830,yes/no,1659
,no,,830,yes/no,1660
,yes,,831,yes/no,1661
,no,,831,yes/no,1662
,yes,,832,yes/no,1663
,no,,832,yes/no,1664
,yes,,833,yes/no,1665
,no,,833,yes/no,1666
,yes,,834,yes/no,1667
,no,,834,yes/no,1668
,yes,,835,yes/no,1669
,no,,835,yes/no,1670
,yes,,836,yes/no,1671
,no,,836,yes/no,1672
,yes,,837,yes/no,1673
,no,,837,yes/no,1674
,yes,,838,yes/no,1675
,no,,838,yes/no,1676
,yes,,839,yes/no,1677
,no,,839,yes/no,1678
,yes,,840,yes/no,1679
,no,,840,yes/no,1680
,yes,,841,yes/no,1681
,no,,841,yes/no,1682
,yes,,842,yes/no,1683
,no,,842,yes/no,1684
,yes,,843,yes/no,1685
,no,,843,yes/no,1686
,yes,,844,yes/no,1687
,no,,844,yes/no,1688
,yes,,845,yes/no,1689
,no,,845,yes/no,1690
,yes,,846,yes/no,1691
,no,,846,yes/no,1692
,yes,,847,yes/no,1693
,no,,847,yes/no,1694
,yes,,848,yes/no,1695
,no,,848,yes/no,1696
,yes,,849,yes/no,1697
,no,,849,yes/no,1698
,yes,,850,yes/no,1699
,no,,850,yes/no,1700
,yes,,851,yes/no,1701
,no,,851,yes/no,1702
,yes,,852,yes/no,1703
,no,,852,yes/no,1704
,yes,,853,yes/no,1705
,no,,853,yes/no,1706
,yes,,854,yes/no,1707
,no,,854,yes/no,1708
,yes,,855,yes/no,1709
,no,,855,yes/no,1710
,yes,,856,yes/no,1711
,no,,856,yes/no,1712
,yes,,857,yes/no,1713
,no,,857,yes/no,1714
,yes,,858,yes/no,1715
,no,,858,yes/no,1716
,yes,,859,yes/no,1717
,no,,859,yes/no,1718
,yes,,860,yes/no,1719
,no,,860,yes/no,1720
,yes,,861,yes/no,1721
,no,,861,yes/no,1722
,yes,,862,yes/no,1723
,no,,862,yes/no,1724
,yes,,863,yes/no,1725
,no,,863,yes/no,1726
,yes,,864,yes/no,1727
,no,,864,yes/no,1728
,yes,,865,yes/no,1729
,no,,865,yes/no,1730
,yes,,866,yes/no,1731
,no,,866,yes/no,1732
,yes,,867,yes/no,1733
,no,,867,yes/no,1734
,yes,,868,yes/no,1735
,no,,868,yes/no,1736
,yes,,869,yes/no,1737
,no,,869,yes/no,1738
,yes,,870,yes/no,1739
,no,,870,yes/no,1740
,yes,,871,yes/no,1741
,no,,871,yes/no,1742
,yes,,872,yes/no,1743
,no,,872,yes/no,1744
,yes,,873,yes/no,1745
,no,,873,yes/no,1746
,yes,,874,yes/no,1747
,no,,874,yes/no,1748
,yes,,875,yes/no,1749
,no,,875,yes/no,1750
,yes,,876,yes/no,1751
,no,,876,yes/no,1752
,yes,,877,yes/no,1753
,no,,877,yes/no,1754
,yes,,878,yes/no,1755
,no,,878,yes/no,1756
,yes,,879,yes/no,1757
,no,,879,yes/no,1758
,yes,,880,yes/no,1759
,no,,880,yes/no,1760
,yes,,881,yes/no,1761
,no,,881,yes/no,1762
,yes,,882,yes/no,1763
,no,,882,yes/no,1764
,yes,,883,yes/no,1765
,no,,883,yes/no,1766
,yes,,884,yes/no,1767
,no,,884,yes/no,1768
,yes,,885,yes/no,1769
,no,,885,yes/no,1770
,yes,,886,yes/no,1771
,no,,886,yes/no,1772
,yes,,887,yes/no,1773
,no,,887,yes/no,1774
,yes,,888,yes/no,1775
,no,,888,yes/no,1776
,yes,,889,yes/no,1777
,no,,889,yes/no,1778
,yes,,890,yes/no,1779
,no,,890,yes/no,1780
,yes,,891,yes/no,1781
,no,,891,yes/no,1782
,yes,,892,yes/no,1783
,no,,892,yes/no,1784
,yes,,893,yes/no,1785
,no,,893,yes/no,1786
,yes,,894,yes/no,1787
,no,,894,yes/no,1788
,yes,,895,yes/no,1789
,no,,895,yes/no,1790
,yes,,896,yes/no,1791
,no,,896,yes/no,1792
,yes,,897,yes/no,1793
,no,,897,yes/no,1794
,yes,,898,yes/no,1795
,no,,898,yes/no,1796
,yes,,899,yes/no,1797
,no,,899,yes/no,1798
,yes,,900,yes/no,1799
,no,,900,yes/no,1800
,yes,,901,yes/no,1801
,no,,901,yes/no,1802
,yes,,902,yes/no,1803
,no,,902,yes/no,1804
,yes,,903,yes/no,1805
,no,,903,yes/no,1806
,yes,,904,yes/no,1807
,no,,904,yes/no,1808
,yes,,905,yes/no,1809
,no,,905,yes/no,1810
,yes,,906,yes/no,1811
,no,,906,yes/no,1812
,yes,,907,yes/no,1813
,no,,907,yes/no,1814
,yes,,908,yes/no,1815
,no,,908,yes/no,1816
,yes,,909,yes/no,1817
,no,,909,yes/no,1818
,yes,,910,yes/no,1819
,no,,910,yes/no,1820
,yes,,911,yes/no,1821
,no,,911,yes/no,1822
,yes,,912,yes/no,1823
,no,,912,yes/no,1824
,yes,,913,yes/no,1825
,no,,913,yes/no,1826
,yes,,914,yes/no,1827
,no,,914,yes/no,1828
,yes,,915,yes/no,1829
,no,,915,yes/no,1830
,yes,,916,yes/no,1831
,no,,916,yes/no,1832
,yes,,917,yes/no,1833
,no,,917,yes/no,1834
,yes,,918,yes/no,1835
,no,,918,yes/no,1836
,yes,,919,yes/no,1837
,no,,919,yes/no,1838
,yes,,920,yes/no,1839
,no,,920,yes/no,1840
,yes,,921,yes/no,1841
,no,,921,yes/no,1842
,yes,,922,yes/no,1843
,no,,922,yes/no,1844
,yes,,923,yes/no,1845
,no,,923,yes/no,1846
,yes,,924,yes/no,1847
,no,,924,yes/no,1848
,yes,,925,yes/no,1849
,no,,925,yes/no,1850
,yes,,926,yes/no,1851
,no,,926,yes/no,1852
,yes,,927,yes/no,1853
,no,,927,yes/no,1854
,yes,,928,yes/no,1855
,no,,928,yes/no,1856
,yes,,929,yes/no,1857
,no,,929,yes/no,1858
,yes,,930,yes/no,1859
,no,,930,yes/no,1860
,yes,,931,yes/no,1861
,no,,931,yes/no,1862
,yes,,932,yes/no,1863
,no,,932,yes/no,1864
,yes,,933,yes/no,1865
,no,,933,yes/no,1866
,yes,,934,yes/no,1867
,no,,934,yes/no,1868
,yes,,935,yes/no,1869
,no,,935,yes/no,1870
,yes,,936,yes/no,1871
,no,,936,yes/no,1872
,yes,,937,yes/no,1873
,no,,937,yes/no,1874
,yes,,938,yes/no,1875
,no,,938,yes/no,1876
,yes,,939,yes/no,1877
,no,,939,yes/no,1878
,yes,,940,yes/no,1879
,no,,940,yes/no,1880
,yes,,941,yes/no,1881
,no,,941,yes/no,1882
,yes,,942,yes/no,1883
,no,,942,yes/no,1884
,yes,,943,yes/no,1885
,no,,943,yes/no,1886
,yes,,944,yes/no,1887
,no,,944,yes/no,1888
,yes,,945,yes/no,1889
,no,,945,yes/no,1890
,yes,,946,yes/no,1891
,no,,946,yes/no,1892
,yes,,947,yes/no,1893
,no,,947,yes/no,1894
,yes,,948,yes/no,1895
,no,,948,yes/no,1896
,yes,,949,yes/no,1897
,no,,949,yes/no,1898
,yes,,950,yes/no,1899
,no,,950,yes/no,1900
,yes,,951,yes/no,1901
,no,,951,yes/no,1902
,yes,,952,yes/no,1903
,no,,952,yes/no,1904
,yes,,953,yes/no,1905
,no,,953,yes/no,1906
,yes,,954,yes/no,1907
,no,,954,yes/no,1908
,yes,,955,yes/no,1909
,no,,955,yes/no,1910
,yes,,956,yes/no,1911
,no,,956,yes/no,1912
,yes,,957,yes/no,1913
,no,,957,yes/no,1914
,yes,,958,yes/no,1915
,no,,958,yes/no,1916
,yes,,959,yes/no,1917
,no,,959,yes/no,1918
,yes,,960,yes/no,1919
,no,,960,yes/no,1920
,yes,,961,yes/no,1921
,no,,961,yes/no,1922
,yes,,962,yes/no,1923
,no,,962,yes/no,1924
,yes,,963,yes/no,1925
,no,,963,yes/no,1926
,yes,,964,yes/no,1927
,no,,964,yes/no,1928
,yes,,965,yes/no,1929
,no,,965,yes/no,1930
,yes,,966,yes/no,1931
,no,,966,yes/no,1932
,yes,,967,yes/no,1933
,no,,967,yes/no,1934
,yes,,968,yes/no,1935
,no,,968,yes/no,1936
,yes,,969,yes/no,1937
,no,,969,yes/no,1938
,yes,,970,yes/no,1939
,no,,970,yes/no,1940
,yes,,971,yes/no,1941
,no,,971,yes/no,1942
,yes,,972,yes/no,1943
,no,,972,yes/no,1944
,yes,,973,yes/no,1945
,no,,973,yes/no,1946
,yes,,974,yes/no,1947
,no,,974,yes/no,1948
,yes,,975,yes/no,1949
,no,,975,yes/no,1950
,yes,,976,yes/no,1951
,no,,976,yes/no,1952
,yes,,977,yes/no,1953
,no,,977,yes/no,1954
,yes,,978,yes/no,1955
,no,,978,yes/no,1956
,yes,,979,yes/no,1957
,no,,979,yes/no,1958
,yes,,980,yes/no,1959
,no,,980,yes/no,1960
,yes,,981,yes/no,1961
,no,,981,yes/no,1962
,yes,,982,yes/no,1963
,no,,982,yes/no,1964
,yes,,983,yes/no,1965
,no,,983,yes/no,1966
,yes,,984,yes/no,1967
,no,,984,yes/no,1968
,yes,,985,yes/no,1969
,no,,985,yes/no,1970
,yes,,986,yes/no,1971
,no,,986,yes/no,1972
,yes,,987,yes/no,1973
,no,,987,yes/no,1974
,yes,,988,yes/no,1975
,no,,988,yes/no,1976
,yes,,989,yes/no,1977
,no,,989,yes/no,1978
,yes,,990,yes/no,1979
,no,,990,yes/no,1980